id,name,email,phone,address
0,Emily Brown,emily.brown@gmail.com,673-727-4921,"195 Main St, Philadelphia, AZ"
1,Jennifer Anderson,jennifer.anderson@hotmail.com,683-369-4488,"680 Oak St, Phoenix, IL"
2,Jane Smith,jane.smith@yahoo.com,960-894-2929,"830 Cedar St, Phoenix, PA"
1002,JANE SMITH,jane.smith@yahoo.com,960-894-2929,"830 Cedar St, Phoenix, PA"
3,Sarah Davis,sarah.davis@yahoo.com,588-642-4539,"212 Elm St, Chicago, IL"
1003,SARAH DAVIS,sarah.davis@yahoo.com,5886424539,"212 Elm Street, Chicago, IL"
4,Jane Smith,jane.smith@gmail.com,586-934-4181,"884 Pine St, Houston, IL"
1004,JANE SMITH,jane.smith@googlemail.com,5869344181,"884 Pine St, Houston, IL"
5,Emily Brown,emily.brown@outlook.com,654-644-5740,"117 Elm St, Philadelphia, CA"
6,Jennifer Anderson,jennifer.anderson@outlook.com,792-814-6429,"551 Washington St, Phoenix, NY"
7,Sarah Davis,sarah.davis@outlook.com,314-192-9667,"744 Elm St, San Diego, CA"
8,David Wilson,david.wilson@hotmail.com,681-592-2579,"835 Lake St, New York, IL"
9,David Wilson,david.wilson@hotmail.com,111-411-3220,"717 Elm St, San Diego, NY"
10,David Wilson,david.wilson@outlook.com,573-780-4324,"969 Washington St, San Jose, PA"
11,Lisa Martinez,lisa.martinez@gmail.com,772-600-7144,"794 Oak St, San Antonio, NY"
12,Robert Taylor,robert.taylor@outlook.com,640-649-3281,"536 Oak St, Dallas, IL"
13,Sarah Davis,sarah.davis@hotmail.com,756-645-4252,"757 Pine St, Houston, AZ"
1013,SARAH DAVIS,sarah.davis@hotmail.com,7566454252,"757 Pine Street, Houston, AZ"
14,William Thomas,william.thomas@gmail.com,697-428-7680,"699 Hill St, San Antonio, CA"
15,William Thomas,william.thomas@gmail.com,874-764-8308,"708 Pine St, Philadelphia, AZ"
16,Jennifer Anderson,jennifer.anderson@gmail.com,113-327-8478,"388 Lake St, New York, TX"
1016,JENNIFER ANDERSON,jennifer.anderson@googlemail.com,1133278478,"388 Lake St, New York, TX"
17,David Wilson,david.wilson@outlook.com,658-932-3590,"218 Pine St, Philadelphia, CA"
18,Lisa Martinez,lisa.martinez@outlook.com,653-104-2373,"237 Maple St, Dallas, AZ"
19,Lisa Martinez,lisa.martinez@hotmail.com,462-523-1809,"359 Oak St, San Diego, AZ"
20,Jane Smith,jane.smith@yahoo.com,728-820-1658,"793 Oak St, Dallas, TX"
21,Robert Taylor,robert.taylor@gmail.com,820-992-1813,"462 Cedar St, San Diego, TX"
22,Emily Brown,emily.brown@gmail.com,101-605-6536,"845 Elm St, San Diego, NY"
1022,EMILY BROWN,emily.brown@googlemail.com,101-605-6536,"845 Elm St, San Diego, NY"
23,Sarah Davis,sarah.davis@hotmail.com,178-581-1507,"178 Elm St, Chicago, CA"
24,Emily Brown,emily.brown@yahoo.com,797-121-9043,"832 Main St, Chicago, NY"
25,David Wilson,david.wilson@gmail.com,325-564-8991,"479 Oak St, Chicago, NY"
26,Sarah Davis,sarah.davis@yahoo.com,423-503-7778,"957 Elm St, San Antonio, TX"
27,Sarah Davis,sarah.davis@hotmail.com,600-239-3770,"542 Pine St, San Diego, CA"
28,Emily Brown,emily.brown@gmail.com,160-608-3439,"319 Maple St, San Antonio, TX"
29,Robert Taylor,robert.taylor@outlook.com,143-315-2511,"732 Maple St, Los Angeles, IL"
1029,ROBERT TAYLOR,robert.taylor@outlook.com,143-315-2511,"732 Maple St, Los Angeles, IL"
30,David Wilson,david.wilson@outlook.com,661-122-8259,"171 Washington St, New York, PA"
31,Lisa Martinez,lisa.martinez@yahoo.com,232-559-3940,"656 Hill St, San Diego, AZ"
32,Lisa Martinez,lisa.martinez@outlook.com,817-284-8939,"669 Hill St, Philadelphia, TX"
33,Emily Brown,emily.brown@outlook.com,726-101-9035,"620 Washington St, New York, CA"
34,Jennifer Anderson,jennifer.anderson@yahoo.com,977-668-8993,"279 Maple St, Chicago, AZ"
1034,Jennifer Anderson,jennifer.anderson@yahoo.com,9776688993,"279 Maple Street, Chicago, AZ"
35,Sarah Davis,sarah.davis@gmail.com,385-509-6758,"296 Washington St, Dallas, AZ"
36,Emily Brown,emily.brown@gmail.com,386-540-9317,"896 Hill St, Philadelphia, IL"
37,Lisa Martinez,lisa.martinez@yahoo.com,688-338-4110,"118 Maple St, Chicago, AZ"
38,Emily Brown,emily.brown@gmail.com,130-894-5181,"685 Maple St, San Jose, CA"
39,Robert Taylor,robert.taylor@gmail.com,368-435-8437,"286 Pine St, Houston, NY"
40,Jennifer Anderson,jennifer.anderson@yahoo.com,999-224-6339,"285 Elm St, Houston, CA"
41,Jane Smith,jane.smith@gmail.com,728-327-7989,"589 Elm St, San Antonio, CA"
42,Jane Smith,jane.smith@hotmail.com,105-994-5701,"410 Pine St, Philadelphia, PA"
43,Lisa Martinez,lisa.martinez@yahoo.com,795-398-3778,"455 Washington St, Los Angeles, PA"
44,David Wilson,david.wilson@hotmail.com,300-848-2395,"843 Maple St, Chicago, TX"
1044,David Wilson,david.wilson@hotmail.com,3008482395,"843 Maple St, Chicago, TX"
45,Sarah Davis,sarah.davis@yahoo.com,689-387-7110,"864 Pine St, Houston, NY"
1045,Sarah Davis,sarah.davis@yahoo.com,689-387-7110,"864 Pine Street, Houston, NY"
46,Emily Brown,emily.brown@outlook.com,719-911-8028,"927 Elm St, San Diego, CA"
47,Sarah Davis,sarah.davis@gmail.com,173-637-9268,"731 Lake St, Los Angeles, TX"
48,William Thomas,william.thomas@hotmail.com,189-697-3062,"655 Main St, Chicago, CA"
1048,William Thomas,william.thomas@hotmail.com,189-697-3062,"655 Main Street, Chicago, CA"
49,John Doe,john.doe@gmail.com,135-217-3301,"511 Cedar St, Philadelphia, IL"
50,Jennifer Anderson,jennifer.anderson@gmail.com,106-304-7217,"821 Oak St, San Diego, CA"
1050,JENNIFER ANDERSON,jennifer.anderson@googlemail.com,1063047217,"821 Oak St, San Diego, CA"
51,William Thomas,william.thomas@hotmail.com,627-505-8273,"925 Main St, San Antonio, AZ"
52,William Thomas,william.thomas@outlook.com,329-122-5281,"149 Lake St, Dallas, NY"
1052,WILLIAM THOMAS,william.thomas@outlook.com,3291225281,"149 Lake Street, Dallas, NY"
53,Robert Taylor,robert.taylor@yahoo.com,963-131-8510,"123 Oak St, New York, AZ"
54,William Thomas,william.thomas@gmail.com,719-518-7502,"695 Cedar St, San Diego, IL"
55,Michael Johnson,michael.johnson@outlook.com,880-162-4335,"449 Maple St, Los Angeles, TX"
1055,Michael Johnson,michael.johnson@outlook.com,8801624335,"449 Maple St, Los Angeles, TX"
56,Jennifer Anderson,jennifer.anderson@gmail.com,625-553-9037,"363 Elm St, Philadelphia, CA"
57,Robert Taylor,robert.taylor@gmail.com,261-263-1674,"849 Maple St, Houston, TX"
58,John Doe,john.doe@yahoo.com,176-784-7794,"824 Lake St, Philadelphia, IL"
1058,John Doe,john.doe@yahoo.com,1767847794,"824 Lake St, Philadelphia, IL"
59,David Wilson,david.wilson@gmail.com,907-443-9971,"564 Maple St, Houston, NY"
1059,DAVID WILSON,david.wilson@googlemail.com,9074439971,"564 Maple St, Houston, NY"
60,Lisa Martinez,lisa.martinez@hotmail.com,418-197-5409,"466 Elm St, New York, CA"
61,Sarah Davis,sarah.davis@hotmail.com,125-891-3087,"326 Main St, New York, TX"
62,Emily Brown,emily.brown@outlook.com,773-430-9810,"201 Elm St, New York, TX"
63,Lisa Martinez,lisa.martinez@hotmail.com,553-169-2807,"737 Pine St, San Jose, PA"
64,Sarah Davis,sarah.davis@gmail.com,250-563-1702,"600 Cedar St, Dallas, PA"
65,Jennifer Anderson,jennifer.anderson@hotmail.com,837-629-1151,"655 Cedar St, Phoenix, AZ"
66,Jane Smith,jane.smith@hotmail.com,363-466-7141,"897 Elm St, Los Angeles, TX"
67,Robert Taylor,robert.taylor@yahoo.com,524-821-9659,"881 Washington St, Phoenix, AZ"
68,David Wilson,david.wilson@gmail.com,444-299-8618,"903 Elm St, Chicago, AZ"
1068,David Wilson,david.wilson@googlemail.com,444-299-8618,"903 Elm St, Chicago, AZ"
69,Lisa Martinez,lisa.martinez@gmail.com,566-148-6287,"914 Main St, Dallas, IL"
70,David Wilson,david.wilson@yahoo.com,793-358-9620,"977 Cedar St, Dallas, TX"
71,William Thomas,william.thomas@hotmail.com,510-782-4117,"703 Elm St, Chicago, IL"
72,Robert Taylor,robert.taylor@outlook.com,901-413-9135,"949 Elm St, Los Angeles, TX"
73,Lisa Martinez,lisa.martinez@hotmail.com,920-888-7488,"154 Cedar St, New York, CA"
74,William Thomas,william.thomas@yahoo.com,538-969-2503,"679 Elm St, Dallas, PA"
75,Emily Brown,emily.brown@gmail.com,645-123-9250,"747 Oak St, Philadelphia, IL"
1075,EMILY BROWN,emily.brown@googlemail.com,645-123-9250,"747 Oak Street, Philadelphia, IL"
76,Jennifer Anderson,jennifer.anderson@hotmail.com,557-926-6080,"653 Oak St, Houston, TX"
77,Robert Taylor,robert.taylor@yahoo.com,823-252-8664,"525 Maple St, Philadelphia, AZ"
78,William Thomas,william.thomas@hotmail.com,255-249-9829,"713 Main St, Houston, CA"
79,David Wilson,david.wilson@outlook.com,536-889-1306,"140 Cedar St, Houston, TX"
80,David Wilson,david.wilson@yahoo.com,374-951-6215,"934 Hill St, Dallas, TX"
81,Jane Smith,jane.smith@gmail.com,650-155-6095,"105 Lake St, San Antonio, TX"
82,Sarah Davis,sarah.davis@hotmail.com,100-594-1758,"486 Washington St, New York, PA"
83,Michael Johnson,michael.johnson@outlook.com,423-862-7243,"723 Hill St, San Diego, PA"
84,David Wilson,david.wilson@outlook.com,679-232-9084,"456 Washington St, Los Angeles, IL"
1084,DAVID WILSON,david.wilson@outlook.com,679-232-9084,"456 Washington Street, Los Angeles, IL"
85,William Thomas,william.thomas@gmail.com,563-276-9691,"478 Hill St, San Antonio, TX"
86,David Wilson,david.wilson@outlook.com,204-786-8497,"110 Pine St, New York, IL"
87,Lisa Martinez,lisa.martinez@yahoo.com,493-187-7252,"619 Main St, San Diego, PA"
88,David Wilson,david.wilson@outlook.com,660-235-4623,"697 Oak St, San Jose, AZ"
89,David Wilson,david.wilson@gmail.com,571-384-1598,"466 Oak St, Los Angeles, NY"
1089,DAVID WILSON,david.wilson@googlemail.com,571-384-1598,"466 Oak Street, Los Angeles, NY"
90,David Wilson,david.wilson@hotmail.com,390-124-5457,"672 Pine St, San Antonio, AZ"
91,Michael Johnson,michael.johnson@hotmail.com,540-924-7324,"925 Elm St, Philadelphia, PA"
92,Michael Johnson,michael.johnson@hotmail.com,421-263-8731,"207 Cedar St, Chicago, NY"
93,Robert Taylor,robert.taylor@hotmail.com,630-834-8072,"380 Lake St, San Jose, TX"
94,Robert Taylor,robert.taylor@gmail.com,800-943-4527,"656 Hill St, Chicago, IL"
95,Emily Brown,emily.brown@outlook.com,200-722-5507,"316 Elm St, Los Angeles, AZ"
96,Robert Taylor,robert.taylor@yahoo.com,144-224-6368,"119 Washington St, New York, IL"
97,John Doe,john.doe@outlook.com,729-174-9648,"761 Elm St, Phoenix, NY"
98,Jennifer Anderson,jennifer.anderson@hotmail.com,583-931-5055,"455 Washington St, Los Angeles, NY"
99,David Wilson,david.wilson@outlook.com,688-759-2171,"638 Hill St, Dallas, AZ"
